variable,block,source,item_de,item_en,measurement,code,value_de,value_en,n,pct,derivation,missing,used_in,notes
id,Administration,raw column 0 (ID),ID (automatisch von Microsoft Forms vergeben),Response identifier assigned automatically by Microsoft Forms,Identifier,,1 bis 403,1 to 403,,,Taken unchanged from the export.,None.,Record linkage across all scripts.,Not sequential in the released file; gaps correspond to records removed during cleaning.
start_time,Administration,raw column 1 (Startzeit),Startzeit der Fragebogenbearbeitung,Time at which the respondent opened the questionnaire,Datetime,,Zeitstempel im Format %m.%d.%y %H:%M:%S,"Timestamp, format %m.%d.%y %H:%M:%S",,,Parsed with pandas.to_datetime(format='%m.%d.%y %H:%M:%S').,None.,06_nonresponse_bias.py (assignment of respondents to the early and late waves).,Early wave: within 48 hours of 2025-12-17 10:37:57. Late wave: on or after 2026-01-27 11:28:00. Responses falling between the two windows are reported and excluded from the comparison.
age_band,Structural,raw column 8,Wie alt sind Sie?,How old are you?,"Ordinal, six bands",1,20-29 Jahre,20 to 29 years,22,6.88,"Single choice, no missing values permitted by the form.",None in the analytical sample.,Table 1; Table 3 (age_ordinal); 06_nonresponse_bias.py.,Entered into both logistic regressions as a single ordinal predictor; the odds ratio refers to a one-category increase.
age_band,Structural,raw column 8,Wie alt sind Sie?,How old are you?,"Ordinal, six bands",2,30-39 Jahre,30 to 39 years,97,30.31,"Single choice, no missing values permitted by the form.",None in the analytical sample.,Table 1; Table 3 (age_ordinal); 06_nonresponse_bias.py.,Entered into both logistic regressions as a single ordinal predictor; the odds ratio refers to a one-category increase.
age_band,Structural,raw column 8,Wie alt sind Sie?,How old are you?,"Ordinal, six bands",3,40-49 Jahre,40 to 49 years,53,16.56,"Single choice, no missing values permitted by the form.",None in the analytical sample.,Table 1; Table 3 (age_ordinal); 06_nonresponse_bias.py.,Entered into both logistic regressions as a single ordinal predictor; the odds ratio refers to a one-category increase.
age_band,Structural,raw column 8,Wie alt sind Sie?,How old are you?,"Ordinal, six bands",4,50-59 Jahre,50 to 59 years,79,24.69,"Single choice, no missing values permitted by the form.",None in the analytical sample.,Table 1; Table 3 (age_ordinal); 06_nonresponse_bias.py.,Entered into both logistic regressions as a single ordinal predictor; the odds ratio refers to a one-category increase.
age_band,Structural,raw column 8,Wie alt sind Sie?,How old are you?,"Ordinal, six bands",5,60-69 Jahre,60 to 69 years,54,16.88,"Single choice, no missing values permitted by the form.",None in the analytical sample.,Table 1; Table 3 (age_ordinal); 06_nonresponse_bias.py.,Entered into both logistic regressions as a single ordinal predictor; the odds ratio refers to a one-category increase.
age_band,Structural,raw column 8,Wie alt sind Sie?,How old are you?,"Ordinal, six bands",6,70 Jahre oder älter,70 years or older,15,4.69,"Single choice, no missing values permitted by the form.",None in the analytical sample.,Table 1; Table 3 (age_ordinal); 06_nonresponse_bias.py.,Entered into both logistic regressions as a single ordinal predictor; the odds ratio refers to a one-category increase.
federal_state,Structural,raw column 9,In welchem Bundesland sind Sie tätig?,In which federal state do you practise?,"Nominal, 16 categories",,Nordrhein-Westfalen,Nordrhein-Westfalen,57,17.81,Single choice from the 16 German federal states.,None in the analytical sample.,"Section 4.1, chi-square goodness-of-fit test against Bundesärztekammer (2026); federal_state_distribution.csv.",Low-frequency states are grouped for publication in line with the aggregation rules in federal_state_distribution.csv. No federal state enters the regression models. The response option is spelled 'Sachen-Anhalt' in the questionnaire and therefore in the export; it denotes Sachsen-Anhalt and is left uncorrected so that the released file matches the instrument.
federal_state,Structural,raw column 9,In welchem Bundesland sind Sie tätig?,In which federal state do you practise?,"Nominal, 16 categories",,Bayern,Bayern,55,17.19,Single choice from the 16 German federal states.,None in the analytical sample.,"Section 4.1, chi-square goodness-of-fit test against Bundesärztekammer (2026); federal_state_distribution.csv.",Low-frequency states are grouped for publication in line with the aggregation rules in federal_state_distribution.csv. No federal state enters the regression models. The response option is spelled 'Sachen-Anhalt' in the questionnaire and therefore in the export; it denotes Sachsen-Anhalt and is left uncorrected so that the released file matches the instrument.
federal_state,Structural,raw column 9,In welchem Bundesland sind Sie tätig?,In which federal state do you practise?,"Nominal, 16 categories",,Baden-Württemberg,Baden-Württemberg,50,15.62,Single choice from the 16 German federal states.,None in the analytical sample.,"Section 4.1, chi-square goodness-of-fit test against Bundesärztekammer (2026); federal_state_distribution.csv.",Low-frequency states are grouped for publication in line with the aggregation rules in federal_state_distribution.csv. No federal state enters the regression models. The response option is spelled 'Sachen-Anhalt' in the questionnaire and therefore in the export; it denotes Sachsen-Anhalt and is left uncorrected so that the released file matches the instrument.
federal_state,Structural,raw column 9,In welchem Bundesland sind Sie tätig?,In which federal state do you practise?,"Nominal, 16 categories",,Niedersachsen,Niedersachsen,28,8.75,Single choice from the 16 German federal states.,None in the analytical sample.,"Section 4.1, chi-square goodness-of-fit test against Bundesärztekammer (2026); federal_state_distribution.csv.",Low-frequency states are grouped for publication in line with the aggregation rules in federal_state_distribution.csv. No federal state enters the regression models. The response option is spelled 'Sachen-Anhalt' in the questionnaire and therefore in the export; it denotes Sachsen-Anhalt and is left uncorrected so that the released file matches the instrument.
federal_state,Structural,raw column 9,In welchem Bundesland sind Sie tätig?,In which federal state do you practise?,"Nominal, 16 categories",,Sachsen,Sachsen,22,6.88,Single choice from the 16 German federal states.,None in the analytical sample.,"Section 4.1, chi-square goodness-of-fit test against Bundesärztekammer (2026); federal_state_distribution.csv.",Low-frequency states are grouped for publication in line with the aggregation rules in federal_state_distribution.csv. No federal state enters the regression models. The response option is spelled 'Sachen-Anhalt' in the questionnaire and therefore in the export; it denotes Sachsen-Anhalt and is left uncorrected so that the released file matches the instrument.
federal_state,Structural,raw column 9,In welchem Bundesland sind Sie tätig?,In which federal state do you practise?,"Nominal, 16 categories",,Rheinland-Pfalz,Rheinland-Pfalz,20,6.25,Single choice from the 16 German federal states.,None in the analytical sample.,"Section 4.1, chi-square goodness-of-fit test against Bundesärztekammer (2026); federal_state_distribution.csv.",Low-frequency states are grouped for publication in line with the aggregation rules in federal_state_distribution.csv. No federal state enters the regression models. The response option is spelled 'Sachen-Anhalt' in the questionnaire and therefore in the export; it denotes Sachsen-Anhalt and is left uncorrected so that the released file matches the instrument.
federal_state,Structural,raw column 9,In welchem Bundesland sind Sie tätig?,In which federal state do you practise?,"Nominal, 16 categories",,Berlin,Berlin,19,5.94,Single choice from the 16 German federal states.,None in the analytical sample.,"Section 4.1, chi-square goodness-of-fit test against Bundesärztekammer (2026); federal_state_distribution.csv.",Low-frequency states are grouped for publication in line with the aggregation rules in federal_state_distribution.csv. No federal state enters the regression models. The response option is spelled 'Sachen-Anhalt' in the questionnaire and therefore in the export; it denotes Sachsen-Anhalt and is left uncorrected so that the released file matches the instrument.
federal_state,Structural,raw column 9,In welchem Bundesland sind Sie tätig?,In which federal state do you practise?,"Nominal, 16 categories",,Hessen,Hessen,17,5.31,Single choice from the 16 German federal states.,None in the analytical sample.,"Section 4.1, chi-square goodness-of-fit test against Bundesärztekammer (2026); federal_state_distribution.csv.",Low-frequency states are grouped for publication in line with the aggregation rules in federal_state_distribution.csv. No federal state enters the regression models. The response option is spelled 'Sachen-Anhalt' in the questionnaire and therefore in the export; it denotes Sachsen-Anhalt and is left uncorrected so that the released file matches the instrument.
federal_state,Structural,raw column 9,In welchem Bundesland sind Sie tätig?,In which federal state do you practise?,"Nominal, 16 categories",,Schleswig-Holstein,Schleswig-Holstein,13,4.06,Single choice from the 16 German federal states.,None in the analytical sample.,"Section 4.1, chi-square goodness-of-fit test against Bundesärztekammer (2026); federal_state_distribution.csv.",Low-frequency states are grouped for publication in line with the aggregation rules in federal_state_distribution.csv. No federal state enters the regression models. The response option is spelled 'Sachen-Anhalt' in the questionnaire and therefore in the export; it denotes Sachsen-Anhalt and is left uncorrected so that the released file matches the instrument.
federal_state,Structural,raw column 9,In welchem Bundesland sind Sie tätig?,In which federal state do you practise?,"Nominal, 16 categories",,Brandenburg,Brandenburg,12,3.75,Single choice from the 16 German federal states.,None in the analytical sample.,"Section 4.1, chi-square goodness-of-fit test against Bundesärztekammer (2026); federal_state_distribution.csv.",Low-frequency states are grouped for publication in line with the aggregation rules in federal_state_distribution.csv. No federal state enters the regression models. The response option is spelled 'Sachen-Anhalt' in the questionnaire and therefore in the export; it denotes Sachsen-Anhalt and is left uncorrected so that the released file matches the instrument.
federal_state,Structural,raw column 9,In welchem Bundesland sind Sie tätig?,In which federal state do you practise?,"Nominal, 16 categories",,Hamburg,Hamburg,9,2.81,Single choice from the 16 German federal states.,None in the analytical sample.,"Section 4.1, chi-square goodness-of-fit test against Bundesärztekammer (2026); federal_state_distribution.csv.",Low-frequency states are grouped for publication in line with the aggregation rules in federal_state_distribution.csv. No federal state enters the regression models. The response option is spelled 'Sachen-Anhalt' in the questionnaire and therefore in the export; it denotes Sachsen-Anhalt and is left uncorrected so that the released file matches the instrument.
federal_state,Structural,raw column 9,In welchem Bundesland sind Sie tätig?,In which federal state do you practise?,"Nominal, 16 categories",,Mecklenburg-Vorpommern,Mecklenburg-Vorpommern,5,1.56,Single choice from the 16 German federal states.,None in the analytical sample.,"Section 4.1, chi-square goodness-of-fit test against Bundesärztekammer (2026); federal_state_distribution.csv.",Low-frequency states are grouped for publication in line with the aggregation rules in federal_state_distribution.csv. No federal state enters the regression models. The response option is spelled 'Sachen-Anhalt' in the questionnaire and therefore in the export; it denotes Sachsen-Anhalt and is left uncorrected so that the released file matches the instrument.
federal_state,Structural,raw column 9,In welchem Bundesland sind Sie tätig?,In which federal state do you practise?,"Nominal, 16 categories",,Sachen-Anhalt,Sachen-Anhalt,5,1.56,Single choice from the 16 German federal states.,None in the analytical sample.,"Section 4.1, chi-square goodness-of-fit test against Bundesärztekammer (2026); federal_state_distribution.csv.",Low-frequency states are grouped for publication in line with the aggregation rules in federal_state_distribution.csv. No federal state enters the regression models. The response option is spelled 'Sachen-Anhalt' in the questionnaire and therefore in the export; it denotes Sachsen-Anhalt and is left uncorrected so that the released file matches the instrument.
federal_state,Structural,raw column 9,In welchem Bundesland sind Sie tätig?,In which federal state do you practise?,"Nominal, 16 categories",,Thüringen,Thüringen,5,1.56,Single choice from the 16 German federal states.,None in the analytical sample.,"Section 4.1, chi-square goodness-of-fit test against Bundesärztekammer (2026); federal_state_distribution.csv.",Low-frequency states are grouped for publication in line with the aggregation rules in federal_state_distribution.csv. No federal state enters the regression models. The response option is spelled 'Sachen-Anhalt' in the questionnaire and therefore in the export; it denotes Sachsen-Anhalt and is left uncorrected so that the released file matches the instrument.
federal_state,Structural,raw column 9,In welchem Bundesland sind Sie tätig?,In which federal state do you practise?,"Nominal, 16 categories",,Saarland,Saarland,2,0.62,Single choice from the 16 German federal states.,None in the analytical sample.,"Section 4.1, chi-square goodness-of-fit test against Bundesärztekammer (2026); federal_state_distribution.csv.",Low-frequency states are grouped for publication in line with the aggregation rules in federal_state_distribution.csv. No federal state enters the regression models. The response option is spelled 'Sachen-Anhalt' in the questionnaire and therefore in the export; it denotes Sachsen-Anhalt and is left uncorrected so that the released file matches the instrument.
federal_state,Structural,raw column 9,In welchem Bundesland sind Sie tätig?,In which federal state do you practise?,"Nominal, 16 categories",,Bremen,Bremen,1,0.31,Single choice from the 16 German federal states.,None in the analytical sample.,"Section 4.1, chi-square goodness-of-fit test against Bundesärztekammer (2026); federal_state_distribution.csv.",Low-frequency states are grouped for publication in line with the aggregation rules in federal_state_distribution.csv. No federal state enters the regression models. The response option is spelled 'Sachen-Anhalt' in the questionnaire and therefore in the export; it denotes Sachsen-Anhalt and is left uncorrected so that the released file matches the instrument.
gender,Structural,raw column 10,Welchem Geschlecht ordnen Sie sich zu?,Which gender do you identify with?,"Nominal, two categories",0,weiblich,Female,163,50.94,Single choice.,None in the analytical sample.,Table 1; Table 3 (male); 06_nonresponse_bias.py.,No respondent in the analytical sample selected a category other than female or male. Female is the reference category in both regression models.
gender,Structural,raw column 10,Welchem Geschlecht ordnen Sie sich zu?,Which gender do you identify with?,"Nominal, two categories",1,männlich,Male,157,49.06,Single choice.,None in the analytical sample.,Table 1; Table 3 (male); 06_nonresponse_bias.py.,No respondent in the analytical sample selected a category other than female or male. Female is the reference category in both regression models.
setting,Structural,raw column 11,In welchem Umfeld arbeiten Sie hauptsächlich?,In which setting do you mainly work?,"Nominal, three categories after cleaning",1,Krankenhaus,Hospital,142,44.38,Inpatient and outpatient hospital settings were combined into 'Krankenhaus'; single and group practices were combined into 'Praxis'.,None in the analytical sample.,Table 1; Table 2; Table 3 (institutional); Figure 2; sample derivation.,"The 15 records answering 'Sonstige' (isolated responses from emergency medical services, public health authorities and comparable settings) were excluded because of insufficient cell counts for inferential testing; they are the difference between n = 335 and n = 320."
setting,Structural,raw column 11,In welchem Umfeld arbeiten Sie hauptsächlich?,In which setting do you mainly work?,"Nominal, three categories after cleaning",2,MVZ (Medizinisches Versorgungszentrum),Medical care centre,29,9.06,Inpatient and outpatient hospital settings were combined into 'Krankenhaus'; single and group practices were combined into 'Praxis'.,None in the analytical sample.,Table 1; Table 2; Table 3 (institutional); Figure 2; sample derivation.,"The 15 records answering 'Sonstige' (isolated responses from emergency medical services, public health authorities and comparable settings) were excluded because of insufficient cell counts for inferential testing; they are the difference between n = 335 and n = 320."
setting,Structural,raw column 11,In welchem Umfeld arbeiten Sie hauptsächlich?,In which setting do you mainly work?,"Nominal, three categories after cleaning",3,Praxis,Practice,149,46.56,Inpatient and outpatient hospital settings were combined into 'Krankenhaus'; single and group practices were combined into 'Praxis'.,None in the analytical sample.,Table 1; Table 2; Table 3 (institutional); Figure 2; sample derivation.,"The 15 records answering 'Sonstige' (isolated responses from emergency medical services, public health authorities and comparable settings) were excluded because of insufficient cell counts for inferential testing; they are the difference between n = 335 and n = 320."
setting,Structural,raw column 11,In welchem Umfeld arbeiten Sie hauptsächlich?,In which setting do you mainly work?,"Nominal, three categories after cleaning",,Sonstige,Other,,,Inpatient and outpatient hospital settings were combined into 'Krankenhaus'; single and group practices were combined into 'Praxis'.,None in the analytical sample.,Table 1; Table 2; Table 3 (institutional); Figure 2; sample derivation.,"The 15 records answering 'Sonstige' (isolated responses from emergency medical services, public health authorities and comparable settings) were excluded because of insufficient cell counts for inferential testing; they are the difference between n = 335 and n = 320."
experience_band,Structural,raw column 14,Wie viel Berufserfahrung haben Sie? (Gerechnet ab dem dritten Staatsexamen),How much professional experience do you have? (counted from the third state examination),"Ordinal, six bands",1,0-4 Jahre,0 to 4 years,59,18.44,"Single choice. 04_regression_main.py and 02_sample_descriptives.py map the bands to band midpoints (2.0, 7.0, 12.0, 17.0, 22.5, 25.0).",None in the analytical sample.,Not used in the models reported in the manuscript. Retained because the scripts in code/ read it.,"Collinear with age_band. Age, not experience, is the predictor reported in Table 3."
experience_band,Structural,raw column 14,Wie viel Berufserfahrung haben Sie? (Gerechnet ab dem dritten Staatsexamen),How much professional experience do you have? (counted from the third state examination),"Ordinal, six bands",2,5-9 Jahre,5 to 9 years,61,19.06,"Single choice. 04_regression_main.py and 02_sample_descriptives.py map the bands to band midpoints (2.0, 7.0, 12.0, 17.0, 22.5, 25.0).",None in the analytical sample.,Not used in the models reported in the manuscript. Retained because the scripts in code/ read it.,"Collinear with age_band. Age, not experience, is the predictor reported in Table 3."
experience_band,Structural,raw column 14,Wie viel Berufserfahrung haben Sie? (Gerechnet ab dem dritten Staatsexamen),How much professional experience do you have? (counted from the third state examination),"Ordinal, six bands",3,10-14 Jahre,10 to 14 years,31,9.69,"Single choice. 04_regression_main.py and 02_sample_descriptives.py map the bands to band midpoints (2.0, 7.0, 12.0, 17.0, 22.5, 25.0).",None in the analytical sample.,Not used in the models reported in the manuscript. Retained because the scripts in code/ read it.,"Collinear with age_band. Age, not experience, is the predictor reported in Table 3."
experience_band,Structural,raw column 14,Wie viel Berufserfahrung haben Sie? (Gerechnet ab dem dritten Staatsexamen),How much professional experience do you have? (counted from the third state examination),"Ordinal, six bands",4,15-19 Jahre,15 to 19 years,17,5.31,"Single choice. 04_regression_main.py and 02_sample_descriptives.py map the bands to band midpoints (2.0, 7.0, 12.0, 17.0, 22.5, 25.0).",None in the analytical sample.,Not used in the models reported in the manuscript. Retained because the scripts in code/ read it.,"Collinear with age_band. Age, not experience, is the predictor reported in Table 3."
experience_band,Structural,raw column 14,Wie viel Berufserfahrung haben Sie? (Gerechnet ab dem dritten Staatsexamen),How much professional experience do you have? (counted from the third state examination),"Ordinal, six bands",5,20-25 Jahre,20 to 25 years,28,8.75,"Single choice. 04_regression_main.py and 02_sample_descriptives.py map the bands to band midpoints (2.0, 7.0, 12.0, 17.0, 22.5, 25.0).",None in the analytical sample.,Not used in the models reported in the manuscript. Retained because the scripts in code/ read it.,"Collinear with age_band. Age, not experience, is the predictor reported in Table 3."
experience_band,Structural,raw column 14,Wie viel Berufserfahrung haben Sie? (Gerechnet ab dem dritten Staatsexamen),How much professional experience do you have? (counted from the third state examination),"Ordinal, six bands",6,>25 Jahre,More than 25 years,124,38.75,"Single choice. 04_regression_main.py and 02_sample_descriptives.py map the bands to band midpoints (2.0, 7.0, 12.0, 17.0, 22.5, 25.0).",None in the analytical sample.,Not used in the models reported in the manuscript. Retained because the scripts in code/ read it.,"Collinear with age_band. Age, not experience, is the predictor reported in Table 3."
ai_use_frequency,AI use,raw column 42,Nutzen Sie bereits KI-basierte Anwendungen in Ihrem beruflichen Alltag?,Do you already use AI-based applications in your professional practice?,Ordinal with two non-substantive categories,1,"Ja, regelmäßig (mehrfach pro Woche)","Yes, regularly (several times per week)",93,29.06,Single choice. Codes 1 to 3 are combined into 'any use' in Section 4.2.,Codes 6 and 7 are non-substantive and are not counted as use.,Section 4.2 (52.19 per cent any use).,"This item measures AI use as such, without reference to authorisation. It is a different construct from shadow_ai_item and the two percentages do not estimate the same quantity."
ai_use_frequency,AI use,raw column 42,Nutzen Sie bereits KI-basierte Anwendungen in Ihrem beruflichen Alltag?,Do you already use AI-based applications in your professional practice?,Ordinal with two non-substantive categories,2,"Ja, gelegentlich (einmal pro Woche)","Yes, occasionally (once per week)",42,13.12,Single choice. Codes 1 to 3 are combined into 'any use' in Section 4.2.,Codes 6 and 7 are non-substantive and are not counted as use.,Section 4.2 (52.19 per cent any use).,"This item measures AI use as such, without reference to authorisation. It is a different construct from shadow_ai_item and the two percentages do not estimate the same quantity."
ai_use_frequency,AI use,raw column 42,Nutzen Sie bereits KI-basierte Anwendungen in Ihrem beruflichen Alltag?,Do you already use AI-based applications in your professional practice?,Ordinal with two non-substantive categories,3,"Ja, selten/experimentell (einmal pro Monat)","Yes, rarely or experimentally (once per month)",32,10.00,Single choice. Codes 1 to 3 are combined into 'any use' in Section 4.2.,Codes 6 and 7 are non-substantive and are not counted as use.,Section 4.2 (52.19 per cent any use).,"This item measures AI use as such, without reference to authorisation. It is a different construct from shadow_ai_item and the two percentages do not estimate the same quantity."
ai_use_frequency,AI use,raw column 42,Nutzen Sie bereits KI-basierte Anwendungen in Ihrem beruflichen Alltag?,Do you already use AI-based applications in your professional practice?,Ordinal with two non-substantive categories,4,"Nein, aber geplant/Interesse vorhanden","No, but planned or of interest",79,24.69,Single choice. Codes 1 to 3 are combined into 'any use' in Section 4.2.,Codes 6 and 7 are non-substantive and are not counted as use.,Section 4.2 (52.19 per cent any use).,"This item measures AI use as such, without reference to authorisation. It is a different construct from shadow_ai_item and the two percentages do not estimate the same quantity."
ai_use_frequency,AI use,raw column 42,Nutzen Sie bereits KI-basierte Anwendungen in Ihrem beruflichen Alltag?,Do you already use AI-based applications in your professional practice?,Ordinal with two non-substantive categories,5,"Nein, und aktuell nicht geplant","No, and not currently planned",56,17.50,Single choice. Codes 1 to 3 are combined into 'any use' in Section 4.2.,Codes 6 and 7 are non-substantive and are not counted as use.,Section 4.2 (52.19 per cent any use).,"This item measures AI use as such, without reference to authorisation. It is a different construct from shadow_ai_item and the two percentages do not estimate the same quantity."
ai_use_frequency,AI use,raw column 42,Nutzen Sie bereits KI-basierte Anwendungen in Ihrem beruflichen Alltag?,Do you already use AI-based applications in your professional practice?,Ordinal with two non-substantive categories,6,Ich weiß es nicht/Bin mir unsicher,Do not know or unsure,13,4.06,Single choice. Codes 1 to 3 are combined into 'any use' in Section 4.2.,Codes 6 and 7 are non-substantive and are not counted as use.,Section 4.2 (52.19 per cent any use).,"This item measures AI use as such, without reference to authorisation. It is a different construct from shadow_ai_item and the two percentages do not estimate the same quantity."
ai_use_frequency,AI use,raw column 42,Nutzen Sie bereits KI-basierte Anwendungen in Ihrem beruflichen Alltag?,Do you already use AI-based applications in your professional practice?,Ordinal with two non-substantive categories,7,Keine Antwort,No answer,5,1.56,Single choice. Codes 1 to 3 are combined into 'any use' in Section 4.2.,Codes 6 and 7 are non-substantive and are not counted as use.,Section 4.2 (52.19 per cent any use).,"This item measures AI use as such, without reference to authorisation. It is a different construct from shadow_ai_item and the two percentages do not estimate the same quantity."
application_areas,AI use,raw column 43,Für welche der folgenden Bereiche nutzen Sie KI-Anwendungen? (Mehrfachnennungen möglich),For which of the following areas do you use AI applications? (multiple answers possible),"Multiple response, semicolon delimited",1,"Administrative Aufgaben (z.B. Dokumentation wie Arztbrief schreiben, Abrechnung, etc.)","Administrative tasks (for example documentation such as discharge letters, billing)",92,28.75,"Split on ';', trailing non-breaking spaces removed, empty tokens dropped. Percentages are shares of the analytical sample (n = 320), not of AI users, and do not sum to 100.",'keine Antwort' denotes that no area was selected.,Section 4.2; application_areas.csv.,Respondents could select several areas.
application_areas,AI use,raw column 43,Für welche der folgenden Bereiche nutzen Sie KI-Anwendungen? (Mehrfachnennungen möglich),For which of the following areas do you use AI applications? (multiple answers possible),"Multiple response, semicolon delimited",2,"Diagnostik und Befund (z.B. Bildanalyse, Mustererkennung, EKG-Auswertung etc.)","Diagnostics and findings (for example image analysis, pattern recognition, ECG interpretation)",78,24.38,"Split on ';', trailing non-breaking spaces removed, empty tokens dropped. Percentages are shares of the analytical sample (n = 320), not of AI users, and do not sum to 100.",'keine Antwort' denotes that no area was selected.,Section 4.2; application_areas.csv.,Respondents could select several areas.
application_areas,AI use,raw column 43,Für welche der folgenden Bereiche nutzen Sie KI-Anwendungen? (Mehrfachnennungen möglich),For which of the following areas do you use AI applications? (multiple answers possible),"Multiple response, semicolon delimited",3,"Behandlungsplanung und Therapieentscheidungen (z.B. Mediaktionsmanagement, personalisierte Therapieempfehlungen)","Treatment planning and therapeutic decisions (for example medication management, personalised therapy recommendations)",60,18.75,"Split on ';', trailing non-breaking spaces removed, empty tokens dropped. Percentages are shares of the analytical sample (n = 320), not of AI users, and do not sum to 100.",'keine Antwort' denotes that no area was selected.,Section 4.2; application_areas.csv.,Respondents could select several areas.
application_areas,AI use,raw column 43,Für welche der folgenden Bereiche nutzen Sie KI-Anwendungen? (Mehrfachnennungen möglich),For which of the following areas do you use AI applications? (multiple answers possible),"Multiple response, semicolon delimited",4,"Forschung (z.B. Datenanalyse, Literaturrecherche, Simulationen)","Research (for example data analysis, literature search, simulations)",49,15.31,"Split on ';', trailing non-breaking spaces removed, empty tokens dropped. Percentages are shares of the analytical sample (n = 320), not of AI users, and do not sum to 100.",'keine Antwort' denotes that no area was selected.,Section 4.2; application_areas.csv.,Respondents could select several areas.
application_areas,AI use,raw column 43,Für welche der folgenden Bereiche nutzen Sie KI-Anwendungen? (Mehrfachnennungen möglich),For which of the following areas do you use AI applications? (multiple answers possible),"Multiple response, semicolon delimited",5,"Patientenkommunikation und Service (z.B. Chatbots, Terminvereinbarung, automatisierte Anamnese-Tools)","Patient communication and service (for example chatbots, appointment scheduling, automated history-taking tools)",36,11.25,"Split on ';', trailing non-breaking spaces removed, empty tokens dropped. Percentages are shares of the analytical sample (n = 320), not of AI users, and do not sum to 100.",'keine Antwort' denotes that no area was selected.,Section 4.2; application_areas.csv.,Respondents could select several areas.
application_areas,AI use,raw column 43,Für welche der folgenden Bereiche nutzen Sie KI-Anwendungen? (Mehrfachnennungen möglich),For which of the following areas do you use AI applications? (multiple answers possible),"Multiple response, semicolon delimited",0,keine Antwort,No answer,154,48.12,"Split on ';', trailing non-breaking spaces removed, empty tokens dropped. Percentages are shares of the analytical sample (n = 320), not of AI users, and do not sum to 100.",'keine Antwort' denotes that no area was selected.,Section 4.2; application_areas.csv.,Respondents could select several areas.
tool_provision,Governance,raw column 37,Stellt Ihnen Ihr Arbeitgeber KI-gestützte Anwendungen zur Verfügung?,Does your employer provide you with AI-based applications?,"Nominal, three categories",1,Ja,Yes,98,30.63,"Binarised into gov_ai_tools: 'Ja' = 1, all other responses = 0.",None in the analytical sample.,Table 3 (AI provision by employer); governance_index; Figure 2.,"'Weiß ich nicht' is coded 0 on the reasoning that a measure unknown to the physician cannot shape their behaviour and is, for the present purpose, functionally absent. This decision is stated in Section 4.3 and is examined in the sensitivity report."
tool_provision,Governance,raw column 37,Stellt Ihnen Ihr Arbeitgeber KI-gestützte Anwendungen zur Verfügung?,Does your employer provide you with AI-based applications?,"Nominal, three categories",0,Nein,No,179,55.94,"Binarised into gov_ai_tools: 'Ja' = 1, all other responses = 0.",None in the analytical sample.,Table 3 (AI provision by employer); governance_index; Figure 2.,"'Weiß ich nicht' is coded 0 on the reasoning that a measure unknown to the physician cannot shape their behaviour and is, for the present purpose, functionally absent. This decision is stated in Section 4.3 and is examined in the sensitivity report."
tool_provision,Governance,raw column 37,Stellt Ihnen Ihr Arbeitgeber KI-gestützte Anwendungen zur Verfügung?,Does your employer provide you with AI-based applications?,"Nominal, three categories",0,Weiß ich nicht / Kann ich nicht einschätzen,Do not know or cannot say,43,13.44,"Binarised into gov_ai_tools: 'Ja' = 1, all other responses = 0.",None in the analytical sample.,Table 3 (AI provision by employer); governance_index; Figure 2.,"'Weiß ich nicht' is coded 0 on the reasoning that a measure unknown to the physician cannot shape their behaviour and is, for the present purpose, functionally absent. This decision is stated in Section 4.3 and is examined in the sensitivity report."
training,Governance,raw column 45,Hatten Sie im beruflichen Kontext bereits Schulungen spezifisch zum Thema KI erhalten?,Have you already received training specifically on AI in a professional context?,Binary,1,Ja,Yes,59,18.44,"Binarised into gov_training: 'Ja' = 1, 'Nein' = 0.",None in the analytical sample.,Table 3 (AI-specific training); governance_index; Figure 2.,No 'do not know' option was offered for this item.
training,Governance,raw column 45,Hatten Sie im beruflichen Kontext bereits Schulungen spezifisch zum Thema KI erhalten?,Have you already received training specifically on AI in a professional context?,Binary,0,Nein,No,261,81.56,"Binarised into gov_training: 'Ja' = 1, 'Nein' = 0.",None in the analytical sample.,Table 3 (AI-specific training); governance_index; Figure 2.,No 'do not know' option was offered for this item.
training_mode,Governance,raw column 46,Welche Art von KI-Schulung war das? (Mehrfachnennung möglich),What kind of AI training was it? (multiple answers possible),"Multiple response, semicolon delimited, filtered",1,Kurzvortrag/Informationsveranstaltung (<2 Stunden),Short presentation or information session (less than 2 hours),38,11.88,Displayed only to respondents answering 'Ja' to training (n = 59 in the analytical sample). Split on ';'.,Structurally missing for the 261 respondents without training.,"Section 4.3 (short presentations, n = 38, 64.41 per cent of those trained).",Percentages in this row block are shares of the analytical sample. Percentages reported in Section 4.3 are shares of the 59 trained respondents. One free-text response was recorded.
training_mode,Governance,raw column 46,Welche Art von KI-Schulung war das? (Mehrfachnennung möglich),What kind of AI training was it? (multiple answers possible),"Multiple response, semicolon delimited, filtered",2,Online-Modul/E-learning,Online module or e-learning,25,7.81,Displayed only to respondents answering 'Ja' to training (n = 59 in the analytical sample). Split on ';'.,Structurally missing for the 261 respondents without training.,"Section 4.3 (short presentations, n = 38, 64.41 per cent of those trained).",Percentages in this row block are shares of the analytical sample. Percentages reported in Section 4.3 are shares of the 59 trained respondents. One free-text response was recorded.
training_mode,Governance,raw column 46,Welche Art von KI-Schulung war das? (Mehrfachnennung möglich),What kind of AI training was it? (multiple answers possible),"Multiple response, semicolon delimited, filtered",3,Workshop (wenige Stunden bis 1 Tag),Workshop (a few hours up to one day),15,4.69,Displayed only to respondents answering 'Ja' to training (n = 59 in the analytical sample). Split on ';'.,Structurally missing for the 261 respondents without training.,"Section 4.3 (short presentations, n = 38, 64.41 per cent of those trained).",Percentages in this row block are shares of the analytical sample. Percentages reported in Section 4.3 are shares of the 59 trained respondents. One free-text response was recorded.
training_mode,Governance,raw column 46,Welche Art von KI-Schulung war das? (Mehrfachnennung möglich),What kind of AI training was it? (multiple answers possible),"Multiple response, semicolon delimited, filtered",4,Integrierte in anderen Fortbildungen,Integrated into other continuing education,12,3.75,Displayed only to respondents answering 'Ja' to training (n = 59 in the analytical sample). Split on ';'.,Structurally missing for the 261 respondents without training.,"Section 4.3 (short presentations, n = 38, 64.41 per cent of those trained).",Percentages in this row block are shares of the analytical sample. Percentages reported in Section 4.3 are shares of the 59 trained respondents. One free-text response was recorded.
training_mode,Governance,raw column 46,Welche Art von KI-Schulung war das? (Mehrfachnennung möglich),What kind of AI training was it? (multiple answers possible),"Multiple response, semicolon delimited, filtered",5,Mehrtägiger Kurs/Zertifikatslehrgang,Multi-day course or certificate programme,3,0.94,Displayed only to respondents answering 'Ja' to training (n = 59 in the analytical sample). Split on ';'.,Structurally missing for the 261 respondents without training.,"Section 4.3 (short presentations, n = 38, 64.41 per cent of those trained).",Percentages in this row block are shares of the analytical sample. Percentages reported in Section 4.3 are shares of the 59 trained respondents. One free-text response was recorded.
training_mode,Governance,raw column 46,Welche Art von KI-Schulung war das? (Mehrfachnennung möglich),What kind of AI training was it? (multiple answers possible),"Multiple response, semicolon delimited, filtered",6,Freitext,Free text,1,0.31,Displayed only to respondents answering 'Ja' to training (n = 59 in the analytical sample). Split on ';'.,Structurally missing for the 261 respondents without training.,"Section 4.3 (short presentations, n = 38, 64.41 per cent of those trained).",Percentages in this row block are shares of the analytical sample. Percentages reported in Section 4.3 are shares of the 59 trained respondents. One free-text response was recorded.
training_mode,Governance,raw column 46,Welche Art von KI-Schulung war das? (Mehrfachnennung möglich),What kind of AI training was it? (multiple answers possible),"Multiple response, semicolon delimited, filtered",0,Keine Antwort,No answer,1,0.31,Displayed only to respondents answering 'Ja' to training (n = 59 in the analytical sample). Split on ';'.,Structurally missing for the 261 respondents without training.,"Section 4.3 (short presentations, n = 38, 64.41 per cent of those trained).",Percentages in this row block are shares of the analytical sample. Percentages reported in Section 4.3 are shares of the 59 trained respondents. One free-text response was recorded.
guidelines,Governance,raw column 56,"Haben Sie von Ihrem Arbeitgeber eine Leitlinie oder Ähnliches zum Einsatz und der Nutzung von Künstlicher Intelligenz, insbesondere Large Language Models, erhalten?","Have you received a guideline or similar document from your employer on the deployment and use of artificial intelligence, in particular large language models?","Nominal, three categories",1,Ja,Yes,28,8.75,"Binarised into gov_guidelines: 'Ja' = 1, all other responses = 0.",None in the analytical sample.,Table 3 (Guidelines on AI use); governance_index; Figure 2; Section 5.2.,"Same coding rule for 'Weiß ich nicht' as for tool_provision. The subgroup answering 'Ja' is small (n = 28), which limits what can be inferred from the guidelines coefficient."
guidelines,Governance,raw column 56,"Haben Sie von Ihrem Arbeitgeber eine Leitlinie oder Ähnliches zum Einsatz und der Nutzung von Künstlicher Intelligenz, insbesondere Large Language Models, erhalten?","Have you received a guideline or similar document from your employer on the deployment and use of artificial intelligence, in particular large language models?","Nominal, three categories",0,Nein,No,265,82.81,"Binarised into gov_guidelines: 'Ja' = 1, all other responses = 0.",None in the analytical sample.,Table 3 (Guidelines on AI use); governance_index; Figure 2; Section 5.2.,"Same coding rule for 'Weiß ich nicht' as for tool_provision. The subgroup answering 'Ja' is small (n = 28), which limits what can be inferred from the guidelines coefficient."
guidelines,Governance,raw column 56,"Haben Sie von Ihrem Arbeitgeber eine Leitlinie oder Ähnliches zum Einsatz und der Nutzung von Künstlicher Intelligenz, insbesondere Large Language Models, erhalten?","Have you received a guideline or similar document from your employer on the deployment and use of artificial intelligence, in particular large language models?","Nominal, three categories",0,Weiß ich nicht,Do not know,27,8.44,"Binarised into gov_guidelines: 'Ja' = 1, all other responses = 0.",None in the analytical sample.,Table 3 (Guidelines on AI use); governance_index; Figure 2; Section 5.2.,"Same coding rule for 'Weiß ich nicht' as for tool_provision. The subgroup answering 'Ja' is small (n = 28), which limits what can be inferred from the guidelines coefficient."
shadow_ai_item,Shadow AI,raw column 55,"Unter Schatten-KI versteht man die Verwendung von KI-basierten Anwendungen oder Tools durch Ärzt:innen, die ohne offizielle Genehmigung oder ohne Aufsicht durch die zuständigen IT- oder Datenschutzbeauftragten stattfindet. Beispiel: die Nutzung von ChatGPT auf einem privaten Gerät zur Diagnosestellung. Kennen Sie Fälle von Schatten-KI in Ihrem beruflichen Umfeld?",Shadow AI denotes the use of AI-based applications or tools by physicians that takes place without official approval or without oversight by the responsible IT or data protection officers. Example: the use of ChatGPT on a private device to make a diagnosis. Do you know of cases of Shadow AI in your professional environment?,"Nominal, three mutually exclusive categories",1,"Ja, habe selbst schon mal KI ohne formelle Genehmigung genutzt.","Yes, I have myself used AI without formal approval",95,29.69,Single choice. Question 32 of 33. The construct definition was presented immediately before the item.,Respondents selecting 'Keine Antwort' or leaving the item blank (n = 28) were excluded before the analytical sample was formed; the released file therefore contains no missing values on this item.,Section 4.2; Figure 2; dependent variable of both models in Table 3; 06_nonresponse_bias.py.,"The item is single choice, so a respondent who had both used AI without approval and observed colleagues doing so could record only one of the two. Own use and exposure are therefore lower bounds. The definition encompasses use without approval and use without oversight; see Section 6."
shadow_ai_item,Shadow AI,raw column 55,"Unter Schatten-KI versteht man die Verwendung von KI-basierten Anwendungen oder Tools durch Ärzt:innen, die ohne offizielle Genehmigung oder ohne Aufsicht durch die zuständigen IT- oder Datenschutzbeauftragten stattfindet. Beispiel: die Nutzung von ChatGPT auf einem privaten Gerät zur Diagnosestellung. Kennen Sie Fälle von Schatten-KI in Ihrem beruflichen Umfeld?",Shadow AI denotes the use of AI-based applications or tools by physicians that takes place without official approval or without oversight by the responsible IT or data protection officers. Example: the use of ChatGPT on a private device to make a diagnosis. Do you know of cases of Shadow AI in your professional environment?,"Nominal, three mutually exclusive categories",2,"Ja, habe andere schon mal KI ohne formelle Genehmigung nutzen sehen.","Yes, I have seen others use AI without formal approval",66,20.62,Single choice. Question 32 of 33. The construct definition was presented immediately before the item.,Respondents selecting 'Keine Antwort' or leaving the item blank (n = 28) were excluded before the analytical sample was formed; the released file therefore contains no missing values on this item.,Section 4.2; Figure 2; dependent variable of both models in Table 3; 06_nonresponse_bias.py.,"The item is single choice, so a respondent who had both used AI without approval and observed colleagues doing so could record only one of the two. Own use and exposure are therefore lower bounds. The definition encompasses use without approval and use without oversight; see Section 6."
shadow_ai_item,Shadow AI,raw column 55,"Unter Schatten-KI versteht man die Verwendung von KI-basierten Anwendungen oder Tools durch Ärzt:innen, die ohne offizielle Genehmigung oder ohne Aufsicht durch die zuständigen IT- oder Datenschutzbeauftragten stattfindet. Beispiel: die Nutzung von ChatGPT auf einem privaten Gerät zur Diagnosestellung. Kennen Sie Fälle von Schatten-KI in Ihrem beruflichen Umfeld?",Shadow AI denotes the use of AI-based applications or tools by physicians that takes place without official approval or without oversight by the responsible IT or data protection officers. Example: the use of ChatGPT on a private device to make a diagnosis. Do you know of cases of Shadow AI in your professional environment?,"Nominal, three mutually exclusive categories",3,"Nein, mir ist kein Fall bekannt","No, I am not aware of any case",159,49.69,Single choice. Question 32 of 33. The construct definition was presented immediately before the item.,Respondents selecting 'Keine Antwort' or leaving the item blank (n = 28) were excluded before the analytical sample was formed; the released file therefore contains no missing values on this item.,Section 4.2; Figure 2; dependent variable of both models in Table 3; 06_nonresponse_bias.py.,"The item is single choice, so a respondent who had both used AI without approval and observed colleagues doing so could record only one of the two. Own use and exposure are therefore lower bounds. The definition encompasses use without approval and use without oversight; see Section 6."
shadow_ai_item,Shadow AI,raw column 55,"Unter Schatten-KI versteht man die Verwendung von KI-basierten Anwendungen oder Tools durch Ärzt:innen, die ohne offizielle Genehmigung oder ohne Aufsicht durch die zuständigen IT- oder Datenschutzbeauftragten stattfindet. Beispiel: die Nutzung von ChatGPT auf einem privaten Gerät zur Diagnosestellung. Kennen Sie Fälle von Schatten-KI in Ihrem beruflichen Umfeld?",Shadow AI denotes the use of AI-based applications or tools by physicians that takes place without official approval or without oversight by the responsible IT or data protection officers. Example: the use of ChatGPT on a private device to make a diagnosis. Do you know of cases of Shadow AI in your professional environment?,"Nominal, three mutually exclusive categories",,Keine Antwort / leer,No answer or blank,,,Single choice. Question 32 of 33. The construct definition was presented immediately before the item.,Respondents selecting 'Keine Antwort' or leaving the item blank (n = 28) were excluded before the analytical sample was formed; the released file therefore contains no missing values on this item.,Section 4.2; Figure 2; dependent variable of both models in Table 3; 06_nonresponse_bias.py.,"The item is single choice, so a respondent who had both used AI without approval and observed colleagues doing so could record only one of the two. Own use and exposure are therefore lower bounds. The definition encompasses use without approval and use without oversight; see Section 6."
shadow_own_use,Derived,derived from raw column 55,Eigene unautorisierte KI-Nutzung,Own unauthorised AI use,Binary,1,Eigene Nutzung berichtet,Own use reported,95,29.69,"1 if shadow_ai_item = 'Ja, habe selbst schon mal ...', else 0.",None.,"Dependent variable, primary model, Table 3.","29.69 per cent of the analytical sample. A lower bound, because the source item is single choice."
shadow_own_use,Derived,derived from raw column 55,Eigene unautorisierte KI-Nutzung,Own unauthorised AI use,Binary,0,Beobachtung oder kein Fall bekannt,"Observation of colleagues, or no case known",225,70.31,"1 if shadow_ai_item = 'Ja, habe selbst schon mal ...', else 0.",None.,"Dependent variable, primary model, Table 3.","29.69 per cent of the analytical sample. A lower bound, because the source item is single choice."
shadow_exposure,Derived,derived from raw column 55,Schatten-KI-Exposition,Shadow AI exposure,Binary,1,Eigene Nutzung oder Beobachtung bei Kolleg:innen,Own use or observation of colleagues,161,50.31,"1 if shadow_ai_item is either of the two 'Ja' options, else 0.",None.,"Dependent variable, secondary model, Table 3; Figure 2.","50.31 per cent of the analytical sample. A superset of shadow_own_use: every own-use case is also an exposure case, so the two models are not independent. Reported as exploratory because the item conflates behaviour with perception of the environment."
shadow_exposure,Derived,derived from raw column 55,Schatten-KI-Exposition,Shadow AI exposure,Binary,0,Kein Fall bekannt,No case known,159,49.69,"1 if shadow_ai_item is either of the two 'Ja' options, else 0.",None.,"Dependent variable, secondary model, Table 3; Figure 2.","50.31 per cent of the analytical sample. A superset of shadow_own_use: every own-use case is also an exposure case, so the two models are not independent. Reported as exploratory because the item conflates behaviour with perception of the environment."
gov_ai_tools,Derived,derived from raw column 37,Arbeitgeber stellt KI-Anwendungen bereit (binär),Employer provides AI applications (binary),Binary,1,Ja,Yes,98,30.63,"1 if tool_provision = 'Ja', else 0.",None.,Table 3; governance_index.,30.63 per cent.
gov_ai_tools,Derived,derived from raw column 37,Arbeitgeber stellt KI-Anwendungen bereit (binär),Employer provides AI applications (binary),Binary,0,Nein oder weiß nicht,"No, or do not know",222,69.38,"1 if tool_provision = 'Ja', else 0.",None.,Table 3; governance_index.,30.63 per cent.
gov_training,Derived,derived from raw column 45,KI-spezifische Schulung erhalten (binär),AI-specific training received (binary),Binary,1,Ja,Yes,59,18.44,"1 if training = 'Ja', else 0.",None.,Table 3; governance_index.,18.44 per cent.
gov_training,Derived,derived from raw column 45,KI-spezifische Schulung erhalten (binär),AI-specific training received (binary),Binary,0,Nein,No,261,81.56,"1 if training = 'Ja', else 0.",None.,Table 3; governance_index.,18.44 per cent.
gov_guidelines,Derived,derived from raw column 56,Schriftliche KI-Leitlinie erhalten (binär),Written AI guideline received (binary),Binary,1,Ja,Yes,28,8.75,"1 if guidelines = 'Ja', else 0.",None.,Table 3; governance_index.,8.75 per cent.
gov_guidelines,Derived,derived from raw column 56,Schriftliche KI-Leitlinie erhalten (binär),Written AI guideline received (binary),Binary,0,Nein oder weiß nicht,"No, or do not know",292,91.25,"1 if guidelines = 'Ja', else 0.",None.,Table 3; governance_index.,8.75 per cent.
governance_index,Derived,"derived from raw columns 37, 45, 56",Zusammengesetzter Governance-Index,Composite governance index,"Count, 0 to 3",0,Keine Massnahme vorhanden,No measure in place,193,60.31,"Unweighted sum of gov_ai_tools, gov_training and gov_guidelines.",None.,Table 2; Section 4.3; Section 5.1.,"Loosely adapted from the general governance dimensions in Klotz et al. (2019): AI tools correspond to systems gap resolution, training to awareness measures, and formal guidelines to policy setup. The fourth dimension, monitoring and identification, is omitted because it is not observable through physician self-report. The index is descriptive; it is not entered into the regression models, which retain the three components separately. Construction is documented in governance_index_construction.pdf."
governance_index,Derived,"derived from raw columns 37, 45, 56",Zusammengesetzter Governance-Index,Composite governance index,"Count, 0 to 3",1,Eine Massnahme vorhanden,One measure in place,84,26.25,"Unweighted sum of gov_ai_tools, gov_training and gov_guidelines.",None.,Table 2; Section 4.3; Section 5.1.,"Loosely adapted from the general governance dimensions in Klotz et al. (2019): AI tools correspond to systems gap resolution, training to awareness measures, and formal guidelines to policy setup. The fourth dimension, monitoring and identification, is omitted because it is not observable through physician self-report. The index is descriptive; it is not entered into the regression models, which retain the three components separately. Construction is documented in governance_index_construction.pdf."
governance_index,Derived,"derived from raw columns 37, 45, 56",Zusammengesetzter Governance-Index,Composite governance index,"Count, 0 to 3",2,Zwei Massnahmen vorhanden,Two measures in place,28,8.75,"Unweighted sum of gov_ai_tools, gov_training and gov_guidelines.",None.,Table 2; Section 4.3; Section 5.1.,"Loosely adapted from the general governance dimensions in Klotz et al. (2019): AI tools correspond to systems gap resolution, training to awareness measures, and formal guidelines to policy setup. The fourth dimension, monitoring and identification, is omitted because it is not observable through physician self-report. The index is descriptive; it is not entered into the regression models, which retain the three components separately. Construction is documented in governance_index_construction.pdf."
governance_index,Derived,"derived from raw columns 37, 45, 56",Zusammengesetzter Governance-Index,Composite governance index,"Count, 0 to 3",3,Alle drei Massnahmen vorhanden,All three measures in place,15,4.69,"Unweighted sum of gov_ai_tools, gov_training and gov_guidelines.",None.,Table 2; Section 4.3; Section 5.1.,"Loosely adapted from the general governance dimensions in Klotz et al. (2019): AI tools correspond to systems gap resolution, training to awareness measures, and formal guidelines to policy setup. The fourth dimension, monitoring and identification, is omitted because it is not observable through physician self-report. The index is descriptive; it is not entered into the regression models, which retain the three components separately. Construction is documented in governance_index_construction.pdf."
age_ordinal,Derived,derived from raw column 8,"Alter, ordinal kodiert","Age, ordinal coding","Ordinal, 1 to 6",1,20-29 Jahre,20 to 29 years,,,age_band recoded 1 to 6 in ascending order of the bands.,None.,"Table 3, both models.",Entered as a single ordinal predictor. The odds ratio refers to a one-category increase and assumes a constant effect across adjacent bands.
age_ordinal,Derived,derived from raw column 8,"Alter, ordinal kodiert","Age, ordinal coding","Ordinal, 1 to 6",2,30-39 Jahre,30 to 39 years,,,age_band recoded 1 to 6 in ascending order of the bands.,None.,"Table 3, both models.",Entered as a single ordinal predictor. The odds ratio refers to a one-category increase and assumes a constant effect across adjacent bands.
age_ordinal,Derived,derived from raw column 8,"Alter, ordinal kodiert","Age, ordinal coding","Ordinal, 1 to 6",3,40-49 Jahre,40 to 49 years,,,age_band recoded 1 to 6 in ascending order of the bands.,None.,"Table 3, both models.",Entered as a single ordinal predictor. The odds ratio refers to a one-category increase and assumes a constant effect across adjacent bands.
age_ordinal,Derived,derived from raw column 8,"Alter, ordinal kodiert","Age, ordinal coding","Ordinal, 1 to 6",4,50-59 Jahre,50 to 59 years,,,age_band recoded 1 to 6 in ascending order of the bands.,None.,"Table 3, both models.",Entered as a single ordinal predictor. The odds ratio refers to a one-category increase and assumes a constant effect across adjacent bands.
age_ordinal,Derived,derived from raw column 8,"Alter, ordinal kodiert","Age, ordinal coding","Ordinal, 1 to 6",5,60-69 Jahre,60 to 69 years,,,age_band recoded 1 to 6 in ascending order of the bands.,None.,"Table 3, both models.",Entered as a single ordinal predictor. The odds ratio refers to a one-category increase and assumes a constant effect across adjacent bands.
age_ordinal,Derived,derived from raw column 8,"Alter, ordinal kodiert","Age, ordinal coding","Ordinal, 1 to 6",6,70 Jahre oder älter,70 years or older,,,age_band recoded 1 to 6 in ascending order of the bands.,None.,"Table 3, both models.",Entered as a single ordinal predictor. The odds ratio refers to a one-category increase and assumes a constant effect across adjacent bands.
male,Derived,derived from raw column 10,"Geschlecht, binär kodiert","Gender, binary coding",Binary,1,männlich,Male,157,49.06,"1 if gender = 'männlich', else 0.",None.,"Table 3, both models.",Female is the reference category.
male,Derived,derived from raw column 10,"Geschlecht, binär kodiert","Gender, binary coding",Binary,0,weiblich,Female,163,50.94,"1 if gender = 'männlich', else 0.",None.,"Table 3, both models.",Female is the reference category.
institutional,Derived,derived from raw column 11,"Institutionelles Setting, binär kodiert","Institutional setting, binary coding",Binary,1,Krankenhaus oder MVZ,Hospital or medical care centre,171,53.44,"1 if setting is 'Krankenhaus' or 'MVZ', 0 if 'Praxis'.",None.,"Table 3, both models.",Ambulatory practice is the reference category. Hospitals and medical care centres are combined because the medical care centre subgroup (n = 29) is too small for separate estimation.
institutional,Derived,derived from raw column 11,"Institutionelles Setting, binär kodiert","Institutional setting, binary coding",Binary,0,Praxis,Practice,149,46.56,"1 if setting is 'Krankenhaus' or 'MVZ', 0 if 'Praxis'.",None.,"Table 3, both models.",Ambulatory practice is the reference category. Hospitals and medical care centres are combined because the medical care centre subgroup (n = 29) is too small for separate estimation.
analytic_sample,Derived,derived from raw column 11,Zugehörigkeit zur Analysestichprobe,Membership of the analytical sample,Binary,1,In der Analysestichprobe (n = 320),In the analytical sample (n = 320),,,"0 if setting = 'Sonstige', else 1.",None.,All analyses. Applied at the head of every script.,"Full derivation from n = 403 raw responses to n = 320 is shown in strobe_flow_diagram.pdf: 403 raw, 363 valid records after exclusion of non-physicians, retired participants, respondents from Austria and Switzerland and records incomplete on key demographics; 335 after exclusion of respondents who did not answer the Shadow AI item (n = 28); 320 after exclusion of heterogeneous low-frequency work settings (n = 15)."
analytic_sample,Derived,derived from raw column 11,Zugehörigkeit zur Analysestichprobe,Membership of the analytical sample,Binary,0,"Ausgeschlossen (setting = 'Sonstige', n = 15)","Excluded (setting = 'Sonstige', n = 15)",,,"0 if setting = 'Sonstige', else 1.",None.,All analyses. Applied at the head of every script.,"Full derivation from n = 403 raw responses to n = 320 is shown in strobe_flow_diagram.pdf: 403 raw, 363 valid records after exclusion of non-physicians, retired participants, respondents from Austria and Switzerland and records incomplete on key demographics; 335 after exclusion of respondents who did not answer the Shadow AI item (n = 28); 320 after exclusion of heterogeneous low-frequency work settings (n = 15)."
